,startedAt,updatedAt,market,resolution,Low,High,Open,Close,baseTokenVolume,trades,usdVolume,startingOpenInterest,percent_change,macd,macd_signal,macd_hist,ma8,ma55,ma13,ma21,ma99,ma200,upper,middle,lower,rsi,atr
99,2023-09-27T17:30:00.000Z,2023-09-27T17:42:50.455Z,TRX-USD,15MINS,0.0851,0.0852,0.0852,0.0851,415740,15,35398.802,29960730,0.0,,,,,,,,,,,,,,
98,2023-09-27T17:45:00.000Z,2023-09-27T17:45:00.000Z,TRX-USD,15MINS,0.0851,0.0851,0.0851,0.0851,0,0,0,30051030,0.002355712603062221,,,,,,,,,,,,,,
97,2023-09-27T18:00:00.000Z,2023-09-27T18:13:56.751Z,TRX-USD,15MINS,0.0849,0.0851,0.0851,0.0849,597700,29,50765.274,30051030,-0.00235017626321965,,,,,,,,,,,,,0.0,
96,2023-09-27T18:15:00.000Z,2023-09-27T18:29:30.561Z,TRX-USD,15MINS,0.0849,0.0851,0.0849,0.0851,752250,35,63961.966,29864320,-0.0023446658851113966,,,,,,,,,,,,,66.66666666666666,
95,2023-09-27T18:30:00.000Z,2023-09-27T18:44:16.979Z,TRX-USD,15MINS,0.0851,0.0853,0.0852,0.0853,1390,8,118.454,29862400,0.002350176263219872,,,,,,,,,,,,,85.71428571428628,
94,2023-09-27T18:45:00.000Z,2023-09-27T18:59:34.350Z,TRX-USD,15MINS,0.085,0.0852,0.0852,0.0851,343990,20,29279.506,29861520,0.0,,,,,,,,,,,,,39.99999999999963,
93,2023-09-27T19:00:00.000Z,2023-09-27T19:06:37.422Z,TRX-USD,15MINS,0.085,0.0851,0.085,0.0851,147870,9,12577.376,29797570,-0.0011737089201878659,,,,,,,,,,,,,39.99999999999963,
92,2023-09-27T19:15:00.000Z,2023-09-27T19:24:53.295Z,TRX-USD,15MINS,0.0852,0.0852,0.0852,0.0852,75620,6,6442.824,29735070,0.0,,,,0.08511249999999998,,,,,,,,,70.9677419354839,
91,2023-09-27T19:30:00.000Z,2023-09-27T19:41:32.197Z,TRX-USD,15MINS,0.0852,0.0853,0.0852,0.0852,144320,10,12301.948,29781580,0.001175088131609936,,,,0.08513194444444443,,,,,,,,,70.9677419354839,
90,2023-09-27T19:45:00.000Z,2023-09-27T19:59:33.117Z,TRX-USD,15MINS,0.0851,0.0851,0.0851,0.0851,58960,5,5017.496,29839680,0.0,,,,0.08512484567901234,,,,,,,,,23.15789473684201,
89,2023-09-27T20:00:00.000Z,2023-09-27T20:04:44.877Z,TRX-USD,15MINS,0.0851,0.0852,0.0851,0.0851,122310,5,10408.942,29802990,-0.004678362573099504,,,,0.08511932441700959,,,,,,,,,23.15789473684201,
88,2023-09-27T20:15:00.000Z,2023-09-27T20:29:31.130Z,TRX-USD,15MINS,0.0852,0.0855,0.0852,0.0855,409620,11,34928.394,29801730,0.0035211267605634866,,,,0.08520391899100746,,,,,,,,,93.4763181411975,
87,2023-09-27T20:30:00.000Z,2023-09-27T20:44:26.164Z,TRX-USD,15MINS,0.0852,0.0854,0.0854,0.0852,118080,7,10078.027,29733180,0.0,,,,0.08520304810411691,,0.08515384615384612,,,,,,,39.397363465160076,
86,2023-09-27T20:45:00.000Z,2023-09-27T20:52:14.460Z,TRX-USD,15MINS,0.0851,0.0852,0.0851,0.0852,214470,6,18272.834,29733740,-0.0023419203747073736,,,,0.08520237074764649,,0.08516043956043953,,,,,,,39.397363465160076,
85,2023-09-27T21:00:00.000Z,2023-09-27T21:10:46.991Z,TRX-USD,15MINS,0.0853,0.0854,0.0853,0.0854,86770,9,7401.98,29636110,0.0011723329425556983,,,,0.0852462883592806,,0.08519466248037674,,,,,,,76.16649385276256,
84,2023-09-27T21:15:00.000Z,2023-09-27T21:24:47.093Z,TRX-USD,15MINS,0.0853,0.0854,0.0853,0.0853,118590,6,10121.596,29618010,0.0,,,,0.08525822427944046,,0.08520971069746577,,,,,,,47.40481239052273,
83,2023-09-27T21:30:00.000Z,2023-09-27T21:39:44.312Z,TRX-USD,15MINS,0.0852,0.0853,0.0852,0.0853,82070,6,7000.531,29675540,0.0,,,,0.08526750777289814,,0.08522260916925638,,,,,,,47.40481239052273,
82,2023-09-27T21:45:00.000Z,2023-09-27T21:56:49.971Z,TRX-USD,15MINS,0.0853,0.0853,0.0853,0.0853,80160,7,6837.648,29600880,0.0,,,,0.08527472826780967,,0.08523366500221975,,,,,,,47.40481239052273,
81,2023-09-27T22:00:00.000Z,2023-09-27T22:11:28.151Z,TRX-USD,15MINS,0.0852,0.0853,0.0852,0.0853,77700,8,6620.286,29672950,0.0,,,,0.08528034420829642,,0.08524314143047407,,,,,,,47.40481239052273,
80,2023-09-27T22:15:00.000Z,2023-09-27T22:28:41.506Z,TRX-USD,15MINS,0.0852,0.0853,0.0852,0.0853,320,2,27.286,29614780,-0.0011709601873536313,,,,0.08528471216200832,,0.08525126408326349,,,,0.08546938608139358,0.08520499999999995,0.08494061391860631,47.40481239052273,
79,2023-09-27T22:30:00.000Z,2023-09-27T22:38:04.810Z,TRX-USD,15MINS,0.0853,0.0854,0.0853,0.0854,65170,7,5559.065,29614560,0.0,,,,0.08531033168156203,,0.0852725120713687,0.08521428571428566,,,0.08549276363400525,0.08521999999999995,0.08494723636599465,95.98010132540392,0.00014500000000000138
78,2023-09-27T22:45:00.000Z,2023-09-27T22:54:31.539Z,TRX-USD,15MINS,0.0853,0.0854,0.0853,0.0854,117610,4,10038.036,29613990,0.0011723329425556983,,,,0.08533025797454825,,0.08529072463260175,0.08523116883116878,,,0.08551266886759887,0.08523499999999995,0.08495733113240103,95.98010132540392,0.00014275000000000144
77,2023-09-27T23:00:00.000Z,2023-09-27T23:13:53.139Z,TRX-USD,15MINS,0.0853,0.0853,0.0853,0.0853,6230,4,531.419,29583940,0.0,,,,0.0853235339802042,,0.08529204968508722,0.08523742621015344,,,0.08548716373542511,0.08525499999999994,0.08502283626457477,20.44619765328194,0.0001406125000000015
76,2023-09-27T23:15:00.000Z,2023-09-27T23:16:45.930Z,TRX-USD,15MINS,0.0853,0.0853,0.0853,0.0853,2320,3,197.896,29583940,-0.0011709601873536313,,,,0.08531830420682548,,0.08529318544436047,0.08524311473650313,,,0.08548658519816295,0.08526499999999995,0.08504341480183696,20.44619765328194,0.00013358187500000143
75,2023-09-27T23:30:00.000Z,2023-09-27T23:44:52.763Z,TRX-USD,15MINS,0.0853,0.0854,0.0853,0.0854,660,4,56.334,29583940,0.0,,,,0.08533645882753094,,0.0853084446665947,0.08525737703318466,,,0.08549891046294858,0.08526999999999994,0.0850410895370513,80.82069684033091,0.0001319027812500015
74,2023-09-27T23:45:00.000Z,2023-09-27T23:45:54.484Z,TRX-USD,15MINS,0.0854,0.0854,0.0854,0.0854,2500,1,213.5,29584300,-0.002336448598130758,,,,0.08535057908807962,,0.08532152399993831,0.0852703427574406,,,0.08550658519816294,0.08528499999999994,0.08506341480183695,80.82069684033091,0.00012530764218750143
73,2023-09-28T00:00:00.000Z,2023-09-28T00:14:54.324Z,TRX-USD,15MINS,0.0854,0.0856,0.0855,0.0856,177500,26,15180.075,29584300,-0.001166861143523934,,,,0.08540600595739527,,0.08536130628566141,0.08530031159767326,,,0.08555413111241664,0.08530999999999994,0.08506586888758325,97.28773078581345,0.00012904226007812595
72,2023-09-28T00:15:00.000Z,2023-09-28T00:29:02.094Z,TRX-USD,15MINS,0.0856,0.0857,0.0856,0.0857,207220,31,17744.35,29588800,0.002339181286549641,,,,0.08547133796686299,,0.08540969110199549,0.08533664690697569,,,0.08562671904300834,0.08533499999999994,0.08504328095699154,98.540679415221,0.0001275901470742198
71,2023-09-28T00:30:00.000Z,2023-09-28T00:40:17.862Z,TRX-USD,15MINS,0.0855,0.0856,0.0856,0.0855,25800,5,2208.46,29555650,0.0,,,,0.0854777073075601,,0.085422592373139,0.08535149718815972,,,0.0856432575660607,0.08534999999999994,0.08505674243393918,34.60210329726012,0.00013121063972050838
70,2023-09-28T00:45:00.000Z,2023-09-28T00:59:52.875Z,TRX-USD,15MINS,0.0855,0.0856,0.0856,0.0855,203120,12,17386.742,29569950,0.0011709601873537423,,,,0.08548266123921341,,0.08543365060554771,0.08536499744378157,,,0.08564640549932839,0.08536999999999993,0.08509359450067147,34.60210329726012,0.00012965010773448242
69,2023-09-28T01:00:00.000Z,2023-09-28T01:13:51.689Z,TRX-USD,15MINS,0.0854,0.0855,0.0855,0.0854,74700,16,6386.018,29579680,-0.003500583430571691,,,,0.08546429207494377,,0.08542884337618376,0.08536817949434687,,,0.0856321841419993,0.08538499999999993,0.08513781585800057,15.05939149422257,0.00012816760234775844
68,2023-09-28T01:15:00.000Z,2023-09-28T01:27:28.525Z,TRX-USD,15MINS,0.0854,0.0857,0.0854,0.0857,122180,8,10451.839,29611380,0.002339181286549641,,,,0.08551667161384516,,0.08546758003672893,0.08539834499486079,,,0.0856741057148495,0.08539499999999993,0.08511589428515036,80.64562638202621,0.00013675922223037025
67,2023-09-28T01:30:00.000Z,2023-09-28T01:44:26.175Z,TRX-USD,15MINS,0.0855,0.0856,0.0856,0.0855,98410,11,8422.127,29572140,0.0,,,,0.08551296681076846,,0.08547221146005336,0.08540758635896435,,,0.08567758176331881,0.08540999999999993,0.08514241823668105,39.73624587406172,0.00013992126111885133
66,2023-09-28T01:45:00.000Z,2023-09-28T01:45:00.000Z,TRX-USD,15MINS,0.0855,0.0855,0.0855,0.0855,0,0,0,29550800,-0.001168224299065268,0.00010591757140485103,0.00011510271290454986,-9.185141499698827e-06,0.08551008529726437,,0.08547618125147431,0.0854159875990585,,,0.08567699206348657,0.08542499999999993,0.08517300793651329,39.73624587406172,0.00013292519806290879
65,2023-09-28T02:00:00.000Z,2023-09-28T02:14:34.401Z,TRX-USD,15MINS,0.0856,0.0857,0.0856,0.0856,318690,14,27285.852,29668230,0.0023419203747072626,0.00010707222911821024,0.00011349661614728193,-6.424387029071692e-06,0.08553006634231673,,0.08549386964412084,0.0854327159991441,,,0.08569786878868006,0.08543499999999993,0.0851721312113198,70.08570138073196,0.00013627893815976294
64,2023-09-28T02:15:00.000Z,2023-09-28T02:24:55.498Z,TRX-USD,15MINS,0.0854,0.0855,0.0855,0.0854,124280,9,10625.925,29725790,-0.0011695906432749315,9.080226317718931e-05,0.00010895774555326341,-1.8155482376074094e-05,0.08550116271069079,,0.08548045969496072,0.08542974181740372,,,0.08569612496960864,0.08543999999999993,0.08518387503039122,23.249977046350047,0.00013946499125177438
63,2023-09-28T02:30:00.000Z,2023-09-28T02:44:30.644Z,TRX-USD,15MINS,0.0855,0.0855,0.0855,0.0855,60480,3,5171.04,29725560,0.0,8.499756321567187e-05,0.0001041657090857451,-1.9168145870073226e-05,0.08550090433053728,,0.0854832511671092,0.08543612892491247,,,0.08569899799206834,0.08544999999999993,0.08520100200793151,53.99406775281601,0.00013749174168918582
62,2023-09-28T02:45:00.000Z,2023-09-28T02:49:25.801Z,TRX-USD,15MINS,0.0855,0.0855,0.0855,0.0855,200,2,17.1,29667110,0.0011709601873537423,7.948108816645261e-05,9.92287849018866e-05,-1.9747696735433995e-05,0.08550070336819567,,0.08548564385752216,0.08544193538628406,,,0.0857000000001059,0.08545999999999992,0.08521999999989395,53.99406775281601,0.0001306171546047265
61,2023-09-28T03:00:00.000Z,2023-09-28T03:10:37.370Z,TRX-USD,15MINS,0.0854,0.0855,0.0855,0.0854,70000,13,5983.895,29666910,-0.0011695906432749315,6.627608819151365e-05,9.263824555981202e-05,-2.6362157368298367e-05,0.08547832484192996,,0.08547340902073329,0.08543812307844005,,,0.08569543437253645,0.08546499999999993,0.08523456562746341,20.748615277924987,0.00012908629687449034
60,2023-09-28T03:15:00.000Z,2023-09-28T03:23:18.621Z,TRX-USD,15MINS,0.0855,0.0855,0.0855,0.0855,166530,8,14238.315,29660500,0.0035211267605634866,6.315221541124127e-05,8.674103953009787e-05,-2.358882411885659e-05,0.0854831415437233,,0.08547720773205711,0.08544374825312732,,,0.08569294494727082,0.08547499999999993,0.08525705505272903,64.48432912251526,0.00012763198203076596
59,2023-09-28T03:30:00.000Z,2023-09-28T03:41:18.500Z,TRX-USD,15MINS,0.0852,0.0853,0.0853,0.0852,70370,6,5996.716,29651080,0.001175088131609936,3.60534294391035e-05,7.660351751189899e-05,-4.0550088072795486e-05,0.08542022120067368,,0.08543760662747753,0.08542158932102484,,,0.08571218414197122,0.08546499999999993,0.08521781585802864,14.957523853348286,0.00013625038292922807
58,2023-09-28T03:45:00.000Z,2023-09-28T03:58:34.174Z,TRX-USD,15MINS,0.0851,0.0853,0.0852,0.0851,62790,8,5349.711,29580710,0.002355712603062221,6.434113598380309e-06,6.256963672919525e-05,-5.613552313081494e-05,0.0853490609338573,,0.08538937710926645,0.08539235392820439,,,0.08574325756604294,0.08544999999999993,0.08515674243395692,9.892350100022773,0.00013943786378276695
57,2023-09-28T04:00:00.000Z,2023-09-28T04:14:50.097Z,TRX-USD,15MINS,0.0849,0.0852,0.0851,0.0849,83340,10,7080.456,29638740,0.0035460992907803135,-3.2799642272249296e-05,4.349578092890634e-05,-7.629542320115564e-05,0.08524926961522235,,0.08531946609365695,0.0853475944801858,,,0.08580469987996077,0.08542999999999992,0.08505530012003908,4.2013783589403335,0.00014746597059362836
56,2023-09-28T04:15:00.000Z,2023-09-28T04:29:32.685Z,TRX-USD,15MINS,0.0846,0.085,0.085,0.0846,537400,22,45585.972,29582400,-0.0011806375442738881,-8.709617872619535e-05,1.7377388997886003e-05,-0.00010447356772408136,0.08510498747850627,,0.08521668522313453,0.08527963134562346,,,0.08591451900834324,0.08539499999999993,0.08487548099165662,1.5412978560025123,0.00016009267206394751
55,2023-09-28T04:30:00.000Z,2023-09-28T04:43:21.279Z,TRX-USD,15MINS,0.0845,0.0847,0.0846,0.0847,667630,44,56458.222,29742760,0.0,-0.00012066644314194519,-1.0231377430080236e-05,-0.00011043506571186495,0.08501499026106044,,0.08514287304840103,0.08522693758693041,,,0.08596133185515949,0.08535999999999994,0.08475866814484039,30.765103656738525,0.00016208803846074973
54,2023-09-28T04:45:00.000Z,2023-09-28T04:45:00.000Z,TRX-USD,15MINS,0.0847,0.0847,0.0847,0.0847,0,0,0,29759450,-0.001179245283018937,-0.00014559281619540287,-3.7303665183144763e-05,-0.00010828915101225811,0.08494499242526923,,0.08507960547005802,0.08517903416993673,,,0.08599095795665093,0.08532499999999994,0.08465904204334895,30.765103656738525,0.00015398363653771225
53,2023-09-28T05:00:00.000Z,2023-09-28T05:13:59.412Z,TRX-USD,15MINS,0.0847,0.0848,0.0848,0.0848,12450,7,1055.75,29759450,0.0,-0.00015548564048292746,-6.09400602431013e-05,-9.454558023982615e-05,0.08491277188632051,,0.0850396618314783,0.08514457651812431,,,0.08597572425759073,0.08528499999999994,0.08459427574240916,68.34616306134336,0.00015128445471082678
52,2023-09-28T05:15:00.000Z,2023-09-28T05:29:47.056Z,TRX-USD,15MINS,0.0848,0.0848,0.0848,0.0848,56450,13,4786.96,29764670,0.0011806375442739991,-0.00016146451261152273,-8.104495071678559e-05,-8.041956189473714e-05,0.08488771146713818,,0.0850054244269814,0.08511325138011301,,,0.08593397406293668,0.08523999999999994,0.0845460259370632,68.34616306134336,0.00014372023197528546
51,2023-09-28T05:30:00.000Z,2023-09-28T05:41:53.236Z,TRX-USD,15MINS,0.0847,0.0848,0.0848,0.0847,102650,26,8698.153,29743020,0.002366863905325367,-0.00017228597068820461,-9.92931547110694e-05,-7.299281597713522e-05,0.08484599780777415,,0.08496179236598406,0.08507568307283,,,0.08592111025511225,0.08519999999999994,0.08447888974488764,21.552004827262664,0.00014153422037652133
50,2023-09-28T05:45:00.000Z,2023-09-28T05:58:15.472Z,TRX-USD,15MINS,0.0844,0.0846,0.0846,0.0845,184010,11,15544.708,29706040,0.0011848341232227888,-0.00019475536410226701,-0.00011838559658930892,-7.63697675129581e-05,0.08476910940604655,,0.08489582202798633,0.08502334824802728,,,0.08591811457480598,0.08514999999999995,0.08438188542519391,5.764639630181887,0.000149457509357695
49,2023-09-28T06:00:00.000Z,2023-09-28T06:14:15.547Z,TRX-USD,15MINS,0.0844,0.0845,0.0844,0.0844,37060,10,3131.53,29717210,-0.0011834319526627946,-0.00021811736334002851,-0.00013833194993945284,-7.978541340057568e-05,0.08468708509359177,,0.08482499030970257,0.08496668022547935,,,0.08592462112513786,0.08509999999999995,0.08427537887486204,3.327306836085021,0.0001469846338898104
48,2023-09-28T06:15:00.000Z,2023-09-28T06:27:46.714Z,TRX-USD,15MINS,0.0844,0.0845,0.0844,0.0845,128280,7,10839.63,29705110,0.0,-0.0002259580480609008,-0.00015585716956374244,-7.010087849715837e-05,0.08464551062834916,,0.08477856312260221,0.08492425475043577,,,0.08585584312218844,0.08503999999999995,0.08422415687781146,47.62033547015748,0.00014463540219532002
47,2023-09-28T06:30:00.000Z,2023-09-28T06:42:58.042Z,TRX-USD,15MINS,0.0845,0.0845,0.0845,0.0845,118800,5,10038.6,29799320,0.0,-0.00022952601417484952,-0.00017059093848596386,-5.8935075688885664e-05,0.08461317493316045,,0.0847387683908019,0.0848856861367598,,,0.08580951204995353,0.08498999999999995,0.08417048795004638,47.62033547015748,0.000137403632085554
46,2023-09-28T06:45:00.000Z,2023-09-28T06:59:02.641Z,TRX-USD,15MINS,0.0845,0.0846,0.0846,0.0845,79730,11,6745.116,29799320,-0.0011820330969265491,-0.000229705748148179,-0.00018241390041840688,-4.729184772977213e-05,0.08458802494801368,,0.08470465862068734,0.08485062376069073,,,0.0857509253973184,0.08493999999999996,0.08412907460268151,47.62033547015748,0.00013553345048127575
45,2023-09-28T07:00:00.000Z,2023-09-28T07:00:48.922Z,TRX-USD,15MINS,0.0846,0.0846,0.0846,0.0846,90760,3,7678.296,29798900,-0.0011806375442738881,-0.00021925162806291087,-0.00018978144594730768,-2.9470182115603198e-05,0.08459068607067731,0.08516545454545456,0.08468970738916057,0.08482783978244612,,,0.08565393717019783,0.08488999999999997,0.0841260628298021,88.77274224653672,0.0001337567779572114
44,2023-09-28T07:15:00.000Z,2023-09-28T07:23:30.428Z,TRX-USD,15MINS,0.0847,0.0848,0.0847,0.0847,325160,14,27546.966,29873040,0.0011820330969267712,-0.00020058527610934684,-0.0001919422119797155,-8.643064129631339e-06,0.08461497805497124,0.08514883116883118,0.08469117776213762,0.08481621798404193,,,0.08558568461048666,0.08485499999999997,0.08412431538951329,95.63364685308605,0.00013706893905935112
43,2023-09-28T07:30:00.000Z,2023-09-28T07:40:25.091Z,TRX-USD,15MINS,0.0846,0.0846,0.0846,0.0846,315120,31,26659.152,29764820,-0.0011806375442738881,-0.00019165197727269434,-0.00019188416503831127,2.3218776561693185e-07,0.08461164959831097,0.08512923005565863,0.08467815236754653,0.08479656180367448,,,0.08548498148123328,0.08480999999999997,0.08413501851876666,43.03582192321321,0.00013521549210638372
42,2023-09-28T07:45:00.000Z,2023-09-28T07:56:16.846Z,TRX-USD,15MINS,0.0846,0.0847,0.0846,0.0847,53970,9,4571.14,29694390,0.002366863905325367,-0.00017449167787333963,-0.00018840566760531694,1.391398973197731e-05,0.08463128302090853,0.08511390041081368,0.08468127345789703,0.08478778345788589,,,0.08536699246226259,0.08476999999999998,0.08417300753773738,72.87401699533183,0.00013345471750106467
41,2023-09-28T08:00:00.000Z,2023-09-28T08:13:31.358Z,TRX-USD,15MINS,0.0845,0.0846,0.0846,0.0845,87820,7,7429.562,29642510,0.0011848341232227888,-0.0001750129056616173,-0.000185727115216577,1.0714209554959695e-05,0.0846021090162622,0.08509197539614176,0.08465537724962602,0.08476162132535081,,,0.08525744718048543,0.08472499999999998,0.08419255281951453,23.544011420009582,0.00013678198162601102
40,2023-09-28T08:15:00.000Z,2023-09-28T08:22:43.371Z,TRX-USD,15MINS,0.0844,0.0845,0.0845,0.0844,66610,6,5622.638,29617340,-0.0011834319526627946,-0.00018140403392125082,-0.00018486249895751178,3.458465036260957e-06,0.08455719590153726,0.0850672619891367,0.08461889478539374,0.08472874665940983,,,0.08508521078983403,0.08467,0.08425478921016596,14.040018096524049,0.0001349428825447106
39,2023-09-28T08:30:00.000Z,2023-09-28T08:42:01.440Z,TRX-USD,15MINS,0.0845,0.0845,0.0845,0.0845,105380,4,8904.61,29558270,-0.0011820330969265491,-0.0001763668377267047,-0.00018316336671135035,6.796528984645659e-06,0.08454448570119565,0.08504700263238181,0.08460190981605177,0.08470795150855438,,,0.08497719877265365,0.08463499999999999,0.08429280122734632,52.4383604169763,0.00013319573841747524
38,2023-09-28T08:45:00.000Z,2023-09-28T08:57:13.885Z,TRX-USD,15MINS,0.0846,0.0846,0.0846,0.0846,125650,11,10629.99,29646980,0.0,-0.0001624332300218384,-0.00017901733937344797,1.658410935160957e-05,0.08455682221204106,0.08503103825265389,0.08460163698518723,0.08469813773504944,,,0.08487758176321515,0.08460999999999999,0.08434241823678483,74.88030589062349,0.00013153595149660092
37,2023-09-28T09:00:00.000Z,2023-09-28T09:09:52.474Z,TRX-USD,15MINS,0.0846,0.0846,0.0846,0.0846,77020,6,6515.892,29551120,0.0011834319526626835,-0.00014966549486820913,-0.0001731469704724002,2.3481475604191068e-05,0.08456641727603192,0.08501564402934482,0.08460140313016049,0.08468921612277222,,,0.08482716373530562,0.084595,0.08436283626469439,74.88030589062349,0.00012495915392177087
36,2023-09-28T09:15:00.000Z,2023-09-28T09:28:57.334Z,TRX-USD,15MINS,0.0845,0.0847,0.0847,0.0845,298230,13,25229.696,29534510,-0.0011820330969265491,-0.00014593390185760335,-0.00016770435674944083,2.1770454891837472e-05,0.08455165788135817,0.08499722817115393,0.08458691696870899,0.08467201465706566,,,0.08482579652245077,0.08459,0.08435420347754922,25.93348229619527,0.0001287111962256819
35,2023-09-28T09:30:00.000Z,2023-09-28T09:43:50.174Z,TRX-USD,15MINS,0.0845,0.0846,0.0845,0.0846,118340,7,10005.644,29375470,-0.0011806375442738881,-0.00013337001671417936,-0.00016083748874238854,2.7467472028209176e-05,0.08456240057438968,0.08498304145075558,0.08458878597317913,0.08466546787005969,,,0.08481543437243864,0.084585,0.08435456562756134,67.89953923573864,0.00012727563641439727
34,2023-09-28T09:45:00.000Z,2023-09-28T09:48:27.378Z,TRX-USD,15MINS,0.0847,0.0847,0.0847,0.0847,66410,5,5624.927,29352580,0.0,-0.00011402942275035022,-0.00015147587554398089,3.744645279363067e-05,0.08459297822452531,0.08497293282751431,0.0846046736912964,0.08466860715459971,,,0.08481543437243864,0.084585,0.08435456562756134,84.95196242095982,0.00012591185459367754
33,2023-09-28T10:00:00.000Z,2023-09-28T10:14:29.524Z,TRX-USD,15MINS,0.0847,0.0847,0.0847,0.0847,231770,7,19630.919,29418990,-0.001179245283018937,-9.757705514050474e-05,-0.00014069611146328565,4.31190563227809e-05,0.08461676084129746,0.08496318522653165,0.08461829173539691,0.0846714610496361,,,0.08479540659226574,0.08458,0.08436459340773426,84.95196242095982,0.00011961626186399368
32,2023-09-28T10:15:00.000Z,2023-09-28T10:25:55.840Z,TRX-USD,15MINS,0.0847,0.0848,0.0847,0.0848,117160,9,9925.14,29421050,-0.003525264394829586,-7.559782632778067e-05,-0.00012767645443618466,5.207862810840399e-05,0.08465748065434248,0.08495735718272696,0.08464425005891163,0.0846831464087601,,,0.08479540659226574,0.08458,0.08436459340773426,95.18444621002071,0.00011863544877079414
31,2023-09-28T10:30:00.000Z,2023-09-28T10:41:36.726Z,TRX-USD,15MINS,0.0849,0.0852,0.0849,0.0851,358330,19,30479.28,29462100,0.0011764705882351123,-3.358449519157147e-05,-0.00010885806258726203,7.527356739569055e-05,0.08475581828671082,0.08496245156905814,0.08470935719335282,0.08472104218978191,,,0.08490983866769343,0.0846,0.08429016133230656,99.05204281653211,0.00013270367633225433
30,2023-09-28T10:45:00.000Z,2023-09-28T10:58:01.558Z,TRX-USD,15MINS,0.0849,0.085,0.085,0.085,158370,9,13461.439,29503990,-0.001175088131609714,-8.262546350473743e-06,-8.873895933990437e-05,8.047641298943062e-05,0.08481008088966398,0.08496379258444892,0.08475087759430242,0.08474640199071083,,,0.0849764256678174,0.08462499999999999,0.08427357433218258,64.51089629224671,0.0001360684925156412
29,2023-09-28T11:00:00.000Z,2023-09-28T11:12:01.582Z,TRX-USD,15MINS,0.085,0.0851,0.0851,0.0851,162230,12,13805.743,29457780,-0.0023446658851113966,1.9647955406515427e-05,-6.706157639062041e-05,8.670953179713584e-05,0.08487450735862753,0.08496865713500432,0.08480075222368778,0.08477854726428258,,,0.08505191835885458,0.08465999999999999,0.0842680816411454,79.09250242139066,0.0001342650678898586
28,2023-09-28T11:15:00.000Z,2023-09-28T11:29:44.762Z,TRX-USD,15MINS,0.0853,0.0853,0.0853,0.0853,6260,1,533.978,29523460,0.0,5.724566526846275e-05,-4.220012805880378e-05,9.944579332726653e-05,0.08496906127893253,0.08498049080875417,0.08487207333458953,0.08482595205843871,,,0.08517328638266268,0.08469999999999998,0.08422671361733729,92.09098574744917,0.00013755181449536593
27,2023-09-28T11:30:00.000Z,2023-09-28T11:42:49.451Z,TRX-USD,15MINS,0.0853,0.0853,0.0853,0.0853,156270,5,13329.831,29523460,0.0,8.605018820567745e-05,-1.655006480590753e-05,0.00010260025301158498,0.08504260321694752,0.08499190185129867,0.08493320571536245,0.08486904732585338,,,0.08527065996646888,0.08473999999999998,0.08420934003353109,92.09098574744917,0.00013067422377059762
26,2023-09-28T11:45:00.000Z,2023-09-28T11:59:59.239Z,TRX-USD,15MINS,0.0853,0.0853,0.0853,0.0853,57450,10,4900.485,29521440,-0.0011709601873536313,0.00010763720545614586,8.28738924650315e-06,9.934981620964271e-05,0.08509980250207029,0.08500290535660943,0.0849856048988821,0.08490822484168489,,,0.08535131427429883,0.08477999999999998,0.08420868572570113,92.09098574744917,0.00012414051258206773
25,2023-09-28T12:00:00.000Z,2023-09-28T12:14:03.035Z,TRX-USD,15MINS,0.0853,0.0854,0.0853,0.0854,43390,5,3704.074,29574130,0.0,0.00013130068386654759,3.2890048170512045e-05,9.841063569603554e-05,0.08516651305716579,0.08501708730815909,0.0850448041990418,0.08495293167425899,,,0.08544481997408465,0.08481999999999998,0.0841951800259153,97.73176336414944,0.00012293348695296448
24,2023-09-28T12:15:00.000Z,2023-09-28T12:15:43.149Z,TRX-USD,15MINS,0.0854,0.0854,0.0854,0.0854,320,2,27.328,29576630,0.0,0.00014834414206425783,5.59808669492612e-05,9.236327511499663e-05,0.08521839904446228,0.08503076276143912,0.08509554645632154,0.08499357424932635,,,0.08552574585352316,0.08485499999999997,0.08418425414647679,97.73176336414944,0.00011678681260531625
23,2023-09-28T12:30:00.000Z,2023-09-28T12:38:50.573Z,TRX-USD,15MINS,0.0854,0.0855,0.0854,0.0854,117650,7,10047.336,29576630,0.0011723329425556983,0.0001600067472953548,7.678604301847993e-05,8.322070427687488e-05,0.08525875481235955,0.08504394980567344,0.08513903981970418,0.08503052204484214,,,0.08559492856779694,0.08489499999999997,0.084195071432203,97.73176336414944,0.00011594747197505059
22,2023-09-28T12:45:00.000Z,2023-09-28T12:53:55.745Z,TRX-USD,15MINS,0.0853,0.0853,0.0853,0.0853,520,3,44.356,29518040,-0.0011709601873536313,0.00015934346937332422,9.329752828944878e-05,6.604594108387544e-05,0.08526792040961298,0.08505309445547081,0.08516203413117501,0.08505502004076558,,,0.0856401922818603,0.08492499999999996,0.08420980771813961,14.574497627113322,0.0001151500983762982
21,2023-09-28T13:00:00.000Z,2023-09-28T13:13:26.354Z,TRX-USD,15MINS,0.0853,0.0854,0.0853,0.0854,3260,5,278.394,29518040,-0.0011695906432749315,0.0001649851351680498,0.00010763504966516899,5.7350085502880815e-05,0.08529727142969898,0.08506548393920399,0.08519602925529286,0.08508638185524144,,,0.08568582120674838,0.08496999999999996,0.08425417879325155,68.38135907839282,0.00011439259345748344
20,2023-09-28T13:15:00.000Z,2023-09-28T13:29:15.548Z,TRX-USD,15MINS,0.0854,0.0855,0.0854,0.0855,60330,9,5152.225,29518040,0.0011709601873537423,0.00017550227919334305,0.0001212084955708038,5.4293783622539243e-05,0.0853423222230992,0.0850810023699467,0.08523945364739388,0.08512398350476494,,,0.08572607060988148,0.08502499999999995,0.08432392939011842,86.00782674494201,0.00011367296378460943
19,2023-09-28T13:30:00.000Z,2023-09-28T13:44:52.495Z,TRX-USD,15MINS,0.0854,0.0855,0.0855,0.0854,58690,4,5017.985,29518040,-0.0011695906432749315,0.000173764972897561,0.00013171979103615523,4.204518186140576e-05,0.08535513950685494,0.08509239514244861,0.08526238884062333,0.08514907591342268,,,0.0857455738301913,0.08506999999999995,0.0843944261698086,40.66676370746927,0.00011298931559537909
18,2023-09-28T13:45:00.000Z,2023-09-28T13:59:53.851Z,TRX-USD,15MINS,0.0855,0.0856,0.0855,0.0855,80010,10,6840.893,29518040,-0.001168224299065268,0.0001784008158521727,0.00014105599599935874,3.7344819852813975e-05,0.08538733072755385,0.08510695245878973,0.08529633329196286,0.08518097810311152,,,0.08577915359672797,0.08511499999999994,0.08445084640327191,71.11820663359019,0.00011733984981560972
17,2023-09-28T14:00:00.000Z,2023-09-28T14:07:21.618Z,TRX-USD,15MINS,0.0856,0.0857,0.0856,0.0856,69380,13,5938.964,29567490,0.0,0.00018797703678981315,0.00015044020415744963,3.7536832632363516e-05,0.08543459056587521,0.08512456129954724,0.08533971425025388,0.08521907100282866,,,0.08581699693254506,0.08516499999999994,0.08451300306745481,85.74762525775733,0.00012147285732482882
16,2023-09-28T14:15:00.000Z,2023-09-28T14:28:56.108Z,TRX-USD,15MINS,0.0855,0.0856,0.0855,0.0856,98670,11,8446.104,29554100,-0.0034924330616997734,0.00019333758553823077,0.00015901968043360585,3.431790510462492e-05,0.08547134821790295,0.08514154125313483,0.08537689792878904,0.08525370091166241,,,0.08582199667777088,0.08521999999999993,0.08461800332222899,85.74762525775733,0.00012039921445858683
15,2023-09-28T14:30:00.000Z,2023-09-28T14:44:34.627Z,TRX-USD,15MINS,0.0856,0.0859,0.0856,0.0859,66160,18,5674.853,29528890,0.0,0.0002192657922722996,0.0001710689028013446,4.8196889470954977e-05,0.08556660416948007,0.08516862906552287,0.0854516267961049,0.08531245537423855,,,0.08588591596755084,0.08528499999999993,0.08468408403244902,97.98647731039301,0.00012937925373565791
14,2023-09-28T14:45:00.000Z,2023-09-28T14:59:55.299Z,TRX-USD,15MINS,0.0858,0.086,0.0858,0.0859,182770,15,15699.893,29463920,-0.0011627906976743319,0.0002370811588899152,0.00018427135401905874,5.2809804870856475e-05,0.08564069213181784,0.08519474945603991,0.08551568011094705,0.08536586852203505,,,0.08593989494875576,0.08534499999999993,0.08475010505124411,97.98647731039301,0.0001329102910488746
13,2023-09-28T15:00:00.000Z,2023-09-28T15:14:07.082Z,TRX-USD,15MINS,0.0859,0.086,0.0859,0.086,91560,20,7868.342,29500640,0.0011641443538996654,0.00025631449559726516,0.00019867998233470002,5.763451326256514e-05,0.0857205383247472,0.08522350840403849,0.08558486866652605,0.08542351683821368,,,0.08599275209141459,0.08540999999999994,0.0848272479085853,99.06127944038889,0.00013126477649643033
12,2023-09-28T15:15:00.000Z,2023-09-28T15:22:38.505Z,TRX-USD,15MINS,0.0857,0.086,0.086,0.0859,119240,10,10237.022,29453140,-0.0011627906976743319,0.00026048517825291717,0.00021104102151834345,4.944415673457372e-05,0.0857604186970256,0.08524766881817997,0.0856298874284509,0.08546683348928517,,,0.08601372579677924,0.08546499999999994,0.08491627420322065,47.9116145698961,0.00013970153767160857
11,2023-09-28T15:30:00.000Z,2023-09-28T15:44:05.699Z,TRX-USD,15MINS,0.0859,0.086,0.0859,0.086,185420,9,15927.607,29460250,0.0011641443538996654,0.0002687615230315271,0.0002225851218209802,4.617640121054692e-05,0.08581365898657546,0.08527453778895926,0.08568276065295792,0.08551530317207744,,,0.08607885850617364,0.08550999999999995,0.08494114149382626,74.374620112306,0.00013771646078802757
10,2023-09-28T15:45:00.000Z,2023-09-28T15:59:48.950Z,TRX-USD,15MINS,0.0858,0.0859,0.0859,0.0859,257670,13,22133.842,29417990,-0.0023228803716607294,0.0002642058213847831,0.00023090926173374078,3.329655965104232e-05,0.08583284587844758,0.08529687572506786,0.0857137948453925,0.08555027561097948,,,0.08609712544676919,0.08555499999999996,0.08501287455323074,36.89069315440771,0.0001408306377486258
9,2023-09-28T16:00:00.000Z,2023-09-28T16:14:51.493Z,TRX-USD,15MINS,0.0859,0.0861,0.086,0.0861,378250,29,32565.536,29477940,-0.001160092807424573,0.00027358006287082903,0.00023944342196115844,3.413664090967059e-05,0.08589221346101479,0.08532555873488687,0.08576896701033643,0.0856002505554359,,,0.08615445427474985,0.08560499999999996,0.08505554572525006,79.07483455971061,0.0001437891058611941
8,2023-09-28T16:15:00.000Z,2023-09-28T16:28:08.820Z,TRX-USD,15MINS,0.086,0.0863,0.086,0.0862,300770,22,25903.67,29465920,0.0011614401858304202,0.000285784040526621,0.00024871154567425094,3.7072494852370046e-05,0.08596061046967816,0.08535678878006948,0.08583054315171694,0.08565477323221445,,,0.08623821764681623,0.08564999999999998,0.08506178235318372,87.45816849478341,0.00015159965056813483
7,2023-09-28T16:30:00.000Z,2023-09-28T16:43:50.103Z,TRX-USD,15MINS,0.0861,0.0863,0.0863,0.0861,322670,15,27808,29476100,0.0,0.0002841115553221668,0.00025579154760383414,2.8320007718332673e-05,0.0859915859208608,0.08538333203792414,0.08586903698718595,0.08569524839292222,,,0.08628632206065667,0.08568999999999997,0.08509367793934328,48.55366492219392,0.00015401966803972838
6,2023-09-28T16:45:00.000Z,2023-09-28T16:58:45.754Z,TRX-USD,15MINS,0.086,0.0862,0.086,0.0861,67860,9,5843.558,29485060,-0.001160092807424573,0.0002795634651440726,0.0002605459311118818,1.901753403219078e-05,0.08601567793844729,0.085408927322284,0.08590203170330224,0.08573204399356565,,,0.08632363288320123,0.08572999999999999,0.08513636711679874,48.55366492219392,0.00015631868463774224
5,2023-09-28T17:00:00.000Z,2023-09-28T17:14:44.604Z,TRX-USD,15MINS,0.0862,0.0862,0.0862,0.0862,41900,7,3611.78,29435100,0.0011614401858304202,0.0002807914461709776,0.000264595034123701,1.619641204727662e-05,0.08605663839657011,0.08543717991791672,0.08594459860283049,0.08577458544869605,,,0.0863769596362389,0.08576999999999999,0.08516304036376107,81.48974453144618,0.00015350275040585526
4,2023-09-28T17:15:00.000Z,2023-09-28T17:18:59.896Z,TRX-USD,15MINS,0.0861,0.0862,0.0862,0.0861,2150,2,185.32,29419660,-0.001160092807424573,0.0002705764290704543,0.0002657913131130517,4.7851159574026315e-06,0.08606627430844342,0.0854608520637054,0.08596679880242614,0.08580416858972369,,,0.08640324744046121,0.08580499999999999,0.08520675255953877,35.73476396637862,0.00015082761288556264
3,2023-09-28T17:30:00.000Z,2023-09-28T17:39:09.563Z,TRX-USD,15MINS,0.0862,0.0862,0.0862,0.0862,58140,3,5011.668,29421710,-0.0023148148148148806,0.0002674669264524365,0.00026612643578092864,1.3404906715078842e-06,0.08609599112878932,0.08548725020428735,0.0860001132592224,0.08584015326338516,,,0.08643652345685712,0.085845,0.08525347654314289,69.72851689772622,0.00014828623224128466
2,2023-09-28T17:45:00.000Z,2023-09-28T17:56:09.947Z,TRX-USD,15MINS,0.0863,0.0864,0.0863,0.0864,2317120,30,200194.391,29421710,0.0011587485515642815,0.00027793706626506876,0.00026848856187775666,9.44850438731209e-06,0.08616354865572504,0.08551984841127709,0.08605723993647633,0.08589104842125923,,,0.08648309518949471,0.0859,0.0853169048105053,90.28465042154417,0.0001508719206292207
1,2023-09-28T18:00:00.000Z,2023-09-28T18:13:57.338Z,TRX-USD,15MINS,0.0863,0.0864,0.0863,0.0863,156660,41,13520.98,31454420,0.0,0.000274995585306137,0.00026978996656343274,5.2056187427042505e-06,0.08619387117667503,0.0855477109680172,0.08609191994555114,0.08592822583750839,0.08526161616161614,,0.0865052677931163,0.08594500000000002,0.08538473220688374,53.77097041035546,0.00014832832459775984
0,2023-09-28T18:15:00.000Z,2023-09-28T18:19:24.979Z,TRX-USD,15MINS,0.0863,0.0863,0.0863,0.0863,441920,97,38137.696,31454300,,0.00026955715338325414,0.00026974340392739703,-1.8625054414288808e-07,0.08621745535963614,0.08557457843344515,0.08612164566761527,0.085962023488644,0.08528238383838381,,0.08652638710735178,0.08598500000000002,0.08544361289264826,53.77097041035546,0.00014091190836787183
